contact_id,firstname,lastname,company,phonenumber
0,Michael,Fitzgerald,"Perry, Davis and Stewart",1550933655
1,Nathaniel,Rangel,Elliott-Cooper,8621923908
2,Darren,Wu,"Rogers, Moore and Bell",7147212453
3,Adriana,Holmes,Frank-Ingram,8182351432
4,Kathleen,Hurley,Hardy Group,0977768972
5,Lori,Holt,Powell-Elliott,0701295934
6,Tyler,Jensen,Thompson Inc,1568084596
7,Tracey,Lamb,Garcia and Sons,2503860208
8,Megan,Rodriguez,Walker-Martin,9780171410
9,Monica,Morgan,Warren Ltd,5149198734
10,Janet,Hall,Garcia-Smith,7354542242
11,Mark,Small,Harris Ltd,1346041685
12,Christy,Hudson,Allen-Miller,4814788738
13,Wayne,Carter,"Smith, Kelley and West",7748557476
14,Natasha,Carr,Chambers Group,9309900287
15,Autumn,Bryant,"Meadows, Johnson and Richardson",0077628445
16,Juan,Harmon,Grimes Group,8965048467
17,Samantha,Ford,Owens-Castillo,9969833006
18,Anthony,Baird,"Welch, Mullins and Hoffman",8244949003
19,Jason,Owens,Wilson Inc,4430501776
